<code_scheme name="Default" version="173">
  <AndroidXmlCodeStyleSettings>
    <option name="USE_CUSTOM_SETTINGS" value="true" />
    <option name="LAYOUT_SETTINGS">
      <value>
        <option name="INSERT_LINE_BREAK_BEFORE_FIRST_ATTRIBUTE" value="false" />
      </value>
    </option>
    <option name="MANIFEST_SETTINGS">
      <value>
        <option name="INSERT_LINE_BREAK_BEFORE_FIRST_ATTRIBUTE" value="false" />
      </value>
    </option>
  </AndroidXmlCodeStyleSettings>
  <XML>
    <option name="XML_KEEP_BLANK_LINES" value="0" />
  </XML>
  <codeStyleSettings language="JAVA">
    <option name="LINE_COMMENT_AT_FIRST_COLUMN" value="false" />
    <option name="BLOCK_COMMENT_AT_FIRST_COLUMN" value="false" />
    <option name="KEEP_FIRST_COLUMN_COMMENT" value="false" />
    <option name="KEEP_CONTROL_STATEMENT_IN_ONE_LINE" value="false" />
  </codeStyleSettings>
</code_scheme>